{
  "_comment": "Location parsing data for character JSON updates",
  
  "administrative_division_types": {
    "USA": "state",
    "United States": "state",
    "United States of America": "state",
    "England": "county",
    "United Kingdom": "county",
    "UK": "county",
    "Scotland": "council_area",
    "Wales": "county",
    "Northern Ireland": "county",
    "Canada": "province",
    "Australia": "state",
    "South Africa": "province",
    "France": "department",
    "Germany": "state",
    "Italy": "region",
    "Spain": "province",
    "Russia": "oblast",
    "China": "province",
    "Japan": "prefecture",
    "India": "state",
    "Brazil": "state",
    "Mexico": "state",
    "Argentina": "province",
    "Colombia": "department",
    "Egypt": "governorate",
    "Turkey": "province",
    "Romania": "county",
    "Ireland": "county",
    "Haiti": "department",
    "Australia": "state",
    "Switzerland": "canton",
    "Brazil": "state",
    "South Africa": "province"
  },
  
  "country_to_region": {
    "England": "Europe",
    "USA": "North America",
    "United States": "North America",
    "United States of America": "North America",
    "Russia": "Europe",
    "Egypt": "Africa",
    "Colombia": "South America",
    "Turkey": "Europe",
    "Canada": "North America",
    "Australia": "Oceania",
    "South Africa": "Africa",
    "France": "Europe",
    "Germany": "Europe",
    "Italy": "Europe",
    "Spain": "Europe",
    "China": "Asia",
    "Japan": "Asia",
    "India": "Asia",
    "Brazil": "South America",
    "Mexico": "North America",
    "Argentina": "South America",
    "Romania": "Europe",
    "Ireland": "Europe",
    "Haiti": "Caribbean",
    "Switzerland": "Europe",
    "Brazil": "South America",
    "South Africa": "Africa",
    "Northern Ireland": "Europe"
  },
  
  "us_states": [
    "Massachusetts",
    "Maine",
    "Indiana",
    "New York",
    "New Jersey",
    "California",
    "Texas",
    "Florida",
    "Illinois",
    "Pennsylvania",
    "Ohio",
    "Michigan",
    "Georgia",
    "North Carolina",
    "New Jersey"
  ],
  
  "location_coordinates": {
    "MANCHESTER, ENGLAND": {
      "city": "Manchester",
      "administrative_division": "Greater Manchester",
      "administrative_division_type": "county",
      "country": "England",
      "region": "Europe",
      "lat": 53.4808,
      "lon": -2.2426
    },
    "FALL RIVER, MASSACHUSETTS": {
      "city": "Fall River",
      "administrative_division": "Massachusetts",
      "administrative_division_type": "state",
      "country": "USA",
      "region": "North America",
      "lat": 41.7015,
      "lon": -71.1550
    },
    "MOSCOW, RUSSIA": {
      "city": "Moscow",
      "administrative_division": null,
      "administrative_division_type": "federal_city",
      "country": "Russia",
      "region": "Europe",
      "lat": 55.7558,
      "lon": 37.6173
    },
    "LONDON, ENGLAND": {
      "city": "London",
      "administrative_division": "Greater London",
      "administrative_division_type": "county",
      "country": "England",
      "region": "Europe",
      "lat": 51.5074,
      "lon": -0.1278
    },
    "ALEXANDRIA, EGYPT": {
      "city": "Alexandria",
      "administrative_division": null,
      "administrative_division_type": "governorate",
      "country": "Egypt",
      "region": "Africa",
      "lat": 31.2001,
      "lon": 29.9187
    },
    "BOGOTA, COLOMBIA": {
      "city": "Bogotá",
      "administrative_division": null,
      "administrative_division_type": "capital_district",
      "country": "Colombia",
      "region": "South America",
      "lat": 4.7110,
      "lon": -74.0721
    },
    "FORT WAYNE, INDIANA": {
      "city": "Fort Wayne",
      "administrative_division": "Indiana",
      "administrative_division_type": "state",
      "country": "USA",
      "region": "North America",
      "lat": 41.0793,
      "lon": -85.1394
    },
    "JONESBORO, MAINE": {
      "city": "Jonesboro",
      "administrative_division": "Maine",
      "administrative_division_type": "state",
      "country": "USA",
      "region": "North America",
      "lat": 44.6628,
      "lon": -69.6298
    },
    "MERSIN, TURKEY": {
      "city": "Mersin",
      "administrative_division": null,
      "administrative_division_type": "province",
      "country": "Turkey",
      "region": "Europe",
      "lat": 36.8121,
      "lon": 34.6415
    },
    "HUNEDOARA, TRANSYLVANIA, ROMANIA": {
      "city": "Hunedoara",
      "administrative_division": "Transylvania",
      "administrative_division_type": "county",
      "country": "Romania",
      "region": "Europe",
      "lat": 45.7667,
      "lon": 22.9167
    },
    "BRISBANE, AUSTRALIA": {
      "city": "Brisbane",
      "administrative_division": "Queensland",
      "administrative_division_type": "state",
      "country": "Australia",
      "region": "Oceania",
      "lat": -27.4698,
      "lon": 153.0251
    },
    "LES CAYES, HAITI": {
      "city": "Les Cayes",
      "administrative_division": "Sud",
      "administrative_division_type": "department",
      "country": "Haiti",
      "region": "Caribbean",
      "lat": 18.2000,
      "lon": -73.7500
    },
    "LISMORE, IRELAND": {
      "city": "Lismore",
      "administrative_division": "Waterford",
      "administrative_division_type": "county",
      "country": "Ireland",
      "region": "Europe",
      "lat": 52.1375,
      "lon": -7.9333
    },
    "MUNICH, GERMANY": {
      "city": "Munich",
      "administrative_division": "Bavaria",
      "administrative_division_type": "state",
      "country": "Germany",
      "region": "Europe",
      "lat": 48.1351,
      "lon": 11.5820
    },
    "NAPOLI ITALY": {
      "city": "Naples",
      "administrative_division": "Campania",
      "administrative_division_type": "region",
      "country": "Italy",
      "region": "Europe",
      "lat": 40.8518,
      "lon": 14.2681
    },
    "BARI, ITALY": {
      "city": "Bari",
      "administrative_division": "Apulia",
      "administrative_division_type": "region",
      "country": "Italy",
      "region": "Europe",
      "lat": 41.1177,
      "lon": 16.8719
    },
    "WICHITA, KANSAS": {
      "city": "Wichita",
      "administrative_division": "Kansas",
      "administrative_division_type": "state",
      "country": "USA",
      "region": "North America",
      "lat": 37.6872,
      "lon": -97.3301
    },
    "NEW YORK CITY, NEW YORK": {
      "city": "New York City",
      "administrative_division": "New York",
      "administrative_division_type": "state",
      "country": "USA",
      "region": "North America",
      "lat": 40.7128,
      "lon": -74.0060
    },
    "NEW YORK, NEW YORK": {
      "city": "New York City",
      "administrative_division": "New York",
      "administrative_division_type": "state",
      "country": "USA",
      "region": "North America",
      "lat": 40.7128,
      "lon": -74.0060
    },
    "CHICAGO, ILLINOIS": {
      "city": "Chicago",
      "administrative_division": "Illinois",
      "administrative_division_type": "state",
      "country": "USA",
      "region": "North America",
      "lat": 41.8781,
      "lon": -87.6298
    },
    "GENEVA, SWITZERLAND": {
      "city": "Geneva",
      "administrative_division": null,
      "administrative_division_type": "canton",
      "country": "Switzerland",
      "region": "Europe",
      "lat": 46.2044,
      "lon": 6.1432
    },
    "TROYES, FRANCE": {
      "city": "Troyes",
      "administrative_division": "Grand Est",
      "administrative_division_type": "region",
      "country": "France",
      "region": "Europe",
      "lat": 48.2973,
      "lon": 4.0744
    },
    "SALVADOR, BRAZIL": {
      "city": "Salvador",
      "administrative_division": "Bahia",
      "administrative_division_type": "state",
      "country": "Brazil",
      "region": "South America",
      "lat": -12.9714,
      "lon": -38.5014
    },
    "PARIS, FRANCE": {
      "city": "Paris",
      "administrative_division": "Île-de-France",
      "administrative_division_type": "region",
      "country": "France",
      "region": "Europe",
      "lat": 48.8566,
      "lon": 2.3522
    },
    "LEEDS, ENGLAND": {
      "city": "Leeds",
      "administrative_division": "West Yorkshire",
      "administrative_division_type": "county",
      "country": "England",
      "region": "Europe",
      "lat": 53.8008,
      "lon": -1.5491
    },
    "MOBILE, ALABAMA": {
      "city": "Mobile",
      "administrative_division": "Alabama",
      "administrative_division_type": "state",
      "country": "USA",
      "region": "North America",
      "lat": 30.6954,
      "lon": -88.0399
    },
    "CAPETOWN, SOUTH AFRICA": {
      "city": "Cape Town",
      "administrative_division": "Western Cape",
      "administrative_division_type": "province",
      "country": "South Africa",
      "region": "Africa",
      "lat": -33.9249,
      "lon": 18.4241
    },
    "HOLLYWOOD, CALIFORNIA": {
      "city": "Hollywood",
      "administrative_division": "California",
      "administrative_division_type": "state",
      "country": "USA",
      "region": "North America",
      "lat": 34.0928,
      "lon": -118.3287
    },
    "PORTSMOUTH, ENGLAND": {
      "city": "Portsmouth",
      "administrative_division": "Hampshire",
      "administrative_division_type": "county",
      "country": "England",
      "region": "Europe",
      "lat": 50.8198,
      "lon": -1.0880
    },
    "AVOCA ISLAND, LOUISIANA": {
      "city": "Avoca Island",
      "administrative_division": "Louisiana",
      "administrative_division_type": "state",
      "country": "USA",
      "region": "North America",
      "lat": 29.7833,
      "lon": -91.5167
    },
    "HARLEM, NEW YORK": {
      "city": "Harlem",
      "administrative_division": "New York",
      "administrative_division_type": "state",
      "country": "USA",
      "region": "North America",
      "lat": 40.8075,
      "lon": -73.9625
    },
    "BELFAST, NORTHERN IRELAND": {
      "city": "Belfast",
      "administrative_division": "Northern Ireland",
      "administrative_division_type": "county",
      "country": "Northern Ireland",
      "region": "Europe",
      "lat": 54.5973,
      "lon": -5.9301
    },
    "WESTMORELAND": {
      "city": "Westmoreland",
      "administrative_division": "Cumbria",
      "administrative_division_type": "county",
      "country": "England",
      "region": "Europe",
      "lat": 54.4667,
      "lon": -2.8333
    },
    "MASSACHUSETTS": {
      "city": null,
      "administrative_division": "Massachusetts",
      "administrative_division_type": "state",
      "country": "USA",
      "region": "North America",
      "lat": 42.4072,
      "lon": -71.3824
    },
    "MILAN, ITALY": {
      "city": "Milan",
      "administrative_division": "Lombardy",
      "administrative_division_type": "region",
      "country": "Italy",
      "region": "Europe",
      "lat": 45.4642,
      "lon": 9.1900
    },
    "PROVIDENCE, RHODE ISLAND": {
      "city": "Providence",
      "administrative_division": "Rhode Island",
      "administrative_division_type": "state",
      "country": "USA",
      "region": "North America",
      "lat": 41.8240,
      "lon": -71.4128
    },
    "NEW ORLEANS, LOUISIANA": {
      "city": "New Orleans",
      "administrative_division": "Louisiana",
      "administrative_division_type": "state",
      "country": "USA",
      "region": "North America",
      "lat": 29.9511,
      "lon": -90.0715
    },
    "UNKNOWN": {
      "city": null,
      "administrative_division": null,
      "administrative_division_type": null,
      "country": null,
      "region": null,
      "lat": null,
      "lon": null
    }
  }
}

